ITEM_ID,ItemFeature1,ItemFeature2
item_0,24.540785115636933,6
item_1,98.22392830913304,0
item_2,14.444536650772822,2
item_3,99.97151579594936,6
item_4,74.63452061995875,4
item_5,81.03020263869433,3
item_6,82.84648637829645,7
item_7,90.58256513705145,8
item_8,82.51774282803336,3
item_9,54.62636415014204,5
item_10,64.16376458904972,2
